{
  "mode": "report-only",
  "baseline_files": 3,
  "candidate_files": 3,
  "floor": 0.05,
  "max_cv": 0.05,
  "cells": {
    "1": {
      "baseline": {
        "raw": [
          17.886839897298728,
          17.861069912900927,
          17.985020869474504
        ],
        "n": 3,
        "median": 17.886839897298728,
        "cv": 0.0036517104716113254
      },
      "candidate": {
        "raw": [
          35.5835865951564,
          35.88048344304406,
          35.70677921083918
        ],
        "n": 3,
        "median": 35.70677921083918,
        "cv": 0.004175468671476269
      },
      "relative": 0.9962597874111694,
      "enforceable": true
    },
    "2": {
      "baseline": {
        "raw": [
          33.88223302133519,
          33.9532356426661,
          34.16746447557388
        ],
        "n": 3,
        "median": 33.9532356426661,
        "cv": 0.004367172342181475
      },
      "candidate": {
        "raw": [
          46.51916045295531,
          46.6280494630926,
          46.491704547621296
        ],
        "n": 3,
        "median": 46.51916045295531,
        "cv": 0.0015492463938666656
      },
      "relative": 0.37009506082238297,
      "enforceable": true
    },
    "4": {
      "baseline": {
        "raw": [
          62.43560504325828,
          62.12068155615829,
          62.363192163131934
        ],
        "n": 3,
        "median": 62.363192163131934,
        "cv": 0.0026472410149805704
      },
      "candidate": {
        "raw": [
          48.16937382210311,
          48.23847160587272,
          48.17458102632227
        ],
        "n": 3,
        "median": 48.17458102632227,
        "cv": 0.0007984086357445332
      },
      "relative": -0.22751579328547789,
      "enforceable": true
    },
    "8": {
      "baseline": {
        "raw": [
          82.12044804459559,
          81.74448904285656,
          81.68341670630537
        ],
        "n": 3,
        "median": 81.74448904285656,
        "cv": 0.0028915078455473333
      },
      "candidate": {
        "raw": [
          62.686588678211514,
          62.79085395765774,
          62.74457498718073
        ],
        "n": 3,
        "median": 62.74457498718073,
        "cv": 0.0008326667290858668
      },
      "relative": -0.23243051951446736,
      "enforceable": true
    },
    "16": {
      "baseline": {
        "raw": [
          92.43383754745491,
          92.0436435062526,
          92.08229736210818
        ],
        "n": 3,
        "median": 92.08229736210818,
        "cv": 0.002332125482559209
      },
      "candidate": {
        "raw": [
          91.64579592780926,
          91.84776663230102,
          91.65680621776643
        ],
        "n": 3,
        "median": 91.65680621776643,
        "cv": 0.0012381915894555614
      },
      "relative": -0.0046207702949517815,
      "enforceable": true
    },
    "32": {
      "baseline": {
        "raw": [
          97.3034378283617,
          96.9598536025077,
          96.97337665010548
        ],
        "n": 3,
        "median": 96.97337665010548,
        "cv": 0.0020043718293558345
      },
      "candidate": {
        "raw": [
          96.54166498480338,
          96.78753012789055,
          96.56301843881144
        ],
        "n": 3,
        "median": 96.56301843881144,
        "cv": 0.0014095431935179554
      },
      "relative": -0.004231658476477218,
      "enforceable": true
    }
  },
  "failures": [
    "N=4: -22.75% < -5.00%",
    "N=8: -23.24% < -5.00%"
  ],
  "not_enforceable": [],
  "quality": {
    "baseline": {
      "arithmetic": [
        "ee45716911183669fa8f24fa25b7b20d9e108273e58cd26fe4a736339fe646c5",
        "ee45716911183669fa8f24fa25b7b20d9e108273e58cd26fe4a736339fe646c5",
        "ee45716911183669fa8f24fa25b7b20d9e108273e58cd26fe4a736339fe646c5"
      ],
      "code_python": [
        "0f862dff20a57c6aad7b921486b1bc22025535088ae6eab068b4a608268d2340",
        "0f862dff20a57c6aad7b921486b1bc22025535088ae6eab068b4a608268d2340",
        "0f862dff20a57c6aad7b921486b1bc22025535088ae6eab068b4a608268d2340"
      ],
      "multilingual": [
        "1d69385065b89bfd8ef4263882dc08a866342f321233b4f61c0758bf34d4f82c",
        "1d69385065b89bfd8ef4263882dc08a866342f321233b4f61c0758bf34d4f82c",
        "1d69385065b89bfd8ef4263882dc08a866342f321233b4f61c0758bf34d4f82c"
      ],
      "repetition": [
        "037628329ac2e317212b4e0cb061b56ebc2c5d0f2a2b2d5dc5ebf48a164009a6",
        "037628329ac2e317212b4e0cb061b56ebc2c5d0f2a2b2d5dc5ebf48a164009a6",
        "037628329ac2e317212b4e0cb061b56ebc2c5d0f2a2b2d5dc5ebf48a164009a6"
      ],
      "code_rust": [
        "a14f5c507bb0b7f1998e709a0b49f2e6686f6f2493a51a5ceaa76d50ef8f7589",
        "a14f5c507bb0b7f1998e709a0b49f2e6686f6f2493a51a5ceaa76d50ef8f7589",
        "a14f5c507bb0b7f1998e709a0b49f2e6686f6f2493a51a5ceaa76d50ef8f7589"
      ],
      "reasoning": [
        "bf2a7624642fc42f0582c09b9f92e27b8eab691db0a88b5806fb6ef0ef7dc956",
        "bf2a7624642fc42f0582c09b9f92e27b8eab691db0a88b5806fb6ef0ef7dc956",
        "bf2a7624642fc42f0582c09b9f92e27b8eab691db0a88b5806fb6ef0ef7dc956"
      ],
      "long_context_retrieval": [
        "ffb69dc925bab0728859cef2abda5e519914c3649736a88d2ab66dec952abbda",
        "ffb69dc925bab0728859cef2abda5e519914c3649736a88d2ab66dec952abbda",
        "ffb69dc925bab0728859cef2abda5e519914c3649736a88d2ab66dec952abbda"
      ]
    },
    "candidate": {
      "arithmetic": [
        "ee45716911183669fa8f24fa25b7b20d9e108273e58cd26fe4a736339fe646c5",
        "ee45716911183669fa8f24fa25b7b20d9e108273e58cd26fe4a736339fe646c5",
        "ee45716911183669fa8f24fa25b7b20d9e108273e58cd26fe4a736339fe646c5"
      ],
      "code_python": [
        "0f862dff20a57c6aad7b921486b1bc22025535088ae6eab068b4a608268d2340",
        "0f862dff20a57c6aad7b921486b1bc22025535088ae6eab068b4a608268d2340",
        "0f862dff20a57c6aad7b921486b1bc22025535088ae6eab068b4a608268d2340"
      ],
      "multilingual": [
        "1d69385065b89bfd8ef4263882dc08a866342f321233b4f61c0758bf34d4f82c",
        "1d69385065b89bfd8ef4263882dc08a866342f321233b4f61c0758bf34d4f82c",
        "1d69385065b89bfd8ef4263882dc08a866342f321233b4f61c0758bf34d4f82c"
      ],
      "repetition": [
        "037628329ac2e317212b4e0cb061b56ebc2c5d0f2a2b2d5dc5ebf48a164009a6",
        "037628329ac2e317212b4e0cb061b56ebc2c5d0f2a2b2d5dc5ebf48a164009a6",
        "037628329ac2e317212b4e0cb061b56ebc2c5d0f2a2b2d5dc5ebf48a164009a6"
      ],
      "code_rust": [
        "a14f5c507bb0b7f1998e709a0b49f2e6686f6f2493a51a5ceaa76d50ef8f7589",
        "a14f5c507bb0b7f1998e709a0b49f2e6686f6f2493a51a5ceaa76d50ef8f7589",
        "a14f5c507bb0b7f1998e709a0b49f2e6686f6f2493a51a5ceaa76d50ef8f7589"
      ],
      "reasoning": [
        "bf2a7624642fc42f0582c09b9f92e27b8eab691db0a88b5806fb6ef0ef7dc956",
        "bf2a7624642fc42f0582c09b9f92e27b8eab691db0a88b5806fb6ef0ef7dc956",
        "bf2a7624642fc42f0582c09b9f92e27b8eab691db0a88b5806fb6ef0ef7dc956"
      ],
      "long_context_retrieval": [
        "ffb69dc925bab0728859cef2abda5e519914c3649736a88d2ab66dec952abbda",
        "ffb69dc925bab0728859cef2abda5e519914c3649736a88d2ab66dec952abbda",
        "ffb69dc925bab0728859cef2abda5e519914c3649736a88d2ab66dec952abbda"
      ]
    }
  },
  "pass": false,
  "enforcement_allowed": true
}
