{
  "n_swept": 411,
  "n_f32_excluded": 422,
  "variant": "nf2",
  "headline_metric": "absmax_rel_mse",
  "overall": {
    "mean": 0.15454512799804185,
    "median": 0.1534223886439172,
    "p90": 0.1600648003407174,
    "max": 0.197486162601637
  },
  "role_stats": {
    "embed": {
      "n": 1,
      "mean": 0.197486162601637,
      "median": 0.197486162601637,
      "p90": 0.197486162601637,
      "max": 0.197486162601637,
      "min": 0.197486162601637
    },
    "attn_k": {
      "n": 60,
      "mean": 0.15838122693883336,
      "median": 0.15692526724618483,
      "p90": 0.16764063930420894,
      "max": 0.18186018265429374,
      "min": 0.1505432419468143
    },
    "attn_o": {
      "n": 60,
      "mean": 0.15061205949179599,
      "median": 0.15031665870452526,
      "p90": 0.15322827660700808,
      "max": 0.1608270648065487,
      "min": 0.1449497867439067
    },
    "attn_q": {
      "n": 60,
      "mean": 0.15401058239184007,
      "median": 0.1535173217727053,
      "p90": 0.15808359813537626,
      "max": 0.16448190993790773,
      "min": 0.15012573176671773
    },
    "attn_v": {
      "n": 50,
      "mean": 0.1574522267862436,
      "median": 0.15712598116313659,
      "p90": 0.16426131648336048,
      "max": 0.1732703095031642,
      "min": 0.14568173739830462
    },
    "ffn_down": {
      "n": 60,
      "mean": 0.15407979693021295,
      "median": 0.153716628262454,
      "p90": 0.1587260568755377,
      "max": 0.16549780782377727,
      "min": 0.1458203829145619
    },
    "ffn_gate": {
      "n": 60,
      "mean": 0.1537564989841083,
      "median": 0.15337518580874937,
      "p90": 0.15807295050472983,
      "max": 0.16107417705003396,
      "min": 0.14944947327437846
    },
    "ffn_up": {
      "n": 60,
      "mean": 0.15329233701789907,
      "median": 0.15267818500651092,
      "p90": 0.15696671586256444,
      "max": 0.16324231181040202,
      "min": 0.15005209976108463
    }
  },
  "band_stats": {
    "global": {
      "n": 1,
      "mean": 0.197486162601637,
      "median": 0.197486162601637,
      "p90": 0.197486162601637,
      "max": 0.197486162601637,
      "min": 0.197486162601637
    },
    "early(0-4)": {
      "n": 35,
      "mean": 0.15234760333335506,
      "median": 0.15253633970734054,
      "p90": 0.1558577287638458,
      "max": 0.1600329810435215,
      "min": 0.1449497867439067
    },
    "mid(5-54)": {
      "n": 341,
      "mean": 0.15479910770387656,
      "median": 0.15380122080173983,
      "p90": 0.16063791137631,
      "max": 0.18186018265429374,
      "min": 0.14568173739830462
    },
    "late(55-59)": {
      "n": 34,
      "mean": 0.15299704708541859,
      "median": 0.15133060317335428,
      "p90": 0.15913503865652623,
      "max": 0.16606245401536987,
      "min": 0.14935590470580196
    }
  },
  "mse_floor": {
    "embed": {
      "name": "token_embd.weight",
      "n_used": 16000000,
      "absmax_rel_mse": 0.17385537688116964,
      "mse_rel_mse": 0.10863679814903977,
      "absmax_sqnr_db": 7.598118732078641,
      "mse_sqnr_db": 9.640230428306527,
      "mse_cos": 0.9441203333600214
    },
    "attn_k": {
      "name": "blk.0.attn_k.weight",
      "n_used": 16000000,
      "absmax_rel_mse": 0.15105795725992646,
      "mse_rel_mse": 0.09857769459360935,
      "absmax_sqnr_db": 8.208563925154586,
      "mse_sqnr_db": 10.062213427747375,
      "mse_cos": 0.9494326304393084
    },
    "attn_o": {
      "name": "blk.0.attn_output.weight",
      "n_used": 16000000,
      "absmax_rel_mse": 0.14558632460617926,
      "mse_rel_mse": 0.09435099955689842,
      "absmax_sqnr_db": 8.368794177908878,
      "mse_sqnr_db": 10.252534945478482,
      "mse_cos": 0.9516562042467275
    },
    "attn_q": {
      "name": "blk.0.attn_q.weight",
      "n_used": 16000000,
      "absmax_rel_mse": 0.15093542499010867,
      "mse_rel_mse": 0.0987023160966,
      "absmax_sqnr_db": 8.212088180630698,
      "mse_sqnr_db": 10.056726562850617,
      "mse_cos": 0.9493670283086405
    },
    "attn_v": {
      "name": "blk.0.attn_v.weight",
      "n_used": 16000000,
      "absmax_rel_mse": 0.15069698943137858,
      "mse_rel_mse": 0.09843182893781727,
      "absmax_sqnr_db": 8.218954237729575,
      "mse_sqnr_db": 10.068644452994263,
      "mse_cos": 0.9495094394091486
    },
    "ffn_down": {
      "name": "blk.0.ffn_down.weight",
      "n_used": 16000000,
      "absmax_rel_mse": 0.15902758104679188,
      "mse_rel_mse": 0.10431970257589472,
      "absmax_sqnr_db": 7.985275470151764,
      "mse_sqnr_db": 9.816336598198989,
      "mse_cos": 0.946404101970824
    },
    "ffn_gate": {
      "name": "blk.0.ffn_gate.weight",
      "n_used": 16000000,
      "absmax_rel_mse": 0.1535950984052256,
      "mse_rel_mse": 0.10072848264144317,
      "absmax_sqnr_db": 8.136226434811297,
      "mse_sqnr_db": 9.96847708145948,
      "mse_cos": 0.9482993111945719
    },
    "ffn_up": {
      "name": "blk.0.ffn_up.weight",
      "n_used": 16000000,
      "absmax_rel_mse": 0.1523816415566473,
      "mse_rel_mse": 0.0993744749604895,
      "absmax_sqnr_db": 8.17067352228071,
      "mse_sqnr_db": 10.027251529001482,
      "mse_cos": 0.9490129516078418
    }
  },
  "worst20": [
    {
      "name": "token_embd.weight",
      "role": "embed",
      "layer": -1,
      "rel_mse": 0.197486162601637,
      "cos": 0.9129017123777714
    },
    {
      "name": "blk.41.attn_k.weight",
      "role": "attn_k",
      "layer": 41,
      "rel_mse": 0.18186018265429374,
      "cos": 0.917996449882212
    },
    {
      "name": "blk.23.attn_k.weight",
      "role": "attn_k",
      "layer": 23,
      "rel_mse": 0.17563178771456603,
      "cos": 0.9200798747430661
    },
    {
      "name": "blk.22.attn_v.weight",
      "role": "attn_v",
      "layer": 22,
      "rel_mse": 0.1732703095031642,
      "cos": 0.9211987527400664
    },
    {
      "name": "blk.29.attn_k.weight",
      "role": "attn_k",
      "layer": 29,
      "rel_mse": 0.17275006025075657,
      "cos": 0.9212916422677693
    },
    {
      "name": "blk.53.attn_k.weight",
      "role": "attn_k",
      "layer": 53,
      "rel_mse": 0.17190662873471652,
      "cos": 0.9218374367728702
    },
    {
      "name": "blk.35.attn_k.weight",
      "role": "attn_k",
      "layer": 35,
      "rel_mse": 0.16976959373338582,
      "cos": 0.9225059138639171
    },
    {
      "name": "blk.28.attn_v.weight",
      "role": "attn_v",
      "layer": 28,
      "rel_mse": 0.1678767687375962,
      "cos": 0.9233232291760589
    },
    {
      "name": "blk.37.attn_k.weight",
      "role": "attn_k",
      "layer": 37,
      "rel_mse": 0.1678425891686228,
      "cos": 0.9231684497301366
    },
    {
      "name": "blk.47.attn_k.weight",
      "role": "attn_k",
      "layer": 47,
      "rel_mse": 0.1676182004303852,
      "cos": 0.9234034970919354
    },
    {
      "name": "blk.30.attn_v.weight",
      "role": "attn_v",
      "layer": 30,
      "rel_mse": 0.16753693481017942,
      "cos": 0.9232847150811863
    },
    {
      "name": "blk.57.attn_k.weight",
      "role": "attn_k",
      "layer": 57,
      "rel_mse": 0.16606245401536987,
      "cos": 0.9239318351319094
    },
    {
      "name": "blk.36.attn_v.weight",
      "role": "attn_v",
      "layer": 36,
      "rel_mse": 0.16549895335287418,
      "cos": 0.9242980477720197
    },
    {
      "name": "blk.9.ffn_down.weight",
      "role": "ffn_down",
      "layer": 9,
      "rel_mse": 0.16549780782377727,
      "cos": 0.9241130491679631
    },
    {
      "name": "blk.27.attn_k.weight",
      "role": "attn_k",
      "layer": 27,
      "rel_mse": 0.1646612549327567,
      "cos": 0.9243223440495957
    },
    {
      "name": "blk.45.attn_q.weight",
      "role": "attn_q",
      "layer": 45,
      "rel_mse": 0.16448190993790773,
      "cos": 0.9245463074656786
    },
    {
      "name": "blk.34.attn_v.weight",
      "role": "attn_v",
      "layer": 34,
      "rel_mse": 0.16433492482626058,